class,size
com.dexvis.dex.DataFilter,731
com.dexvis.dex.Dex,24533
com.dexvis.dex.DexConstants,500
com.dexvis.dex.DexData$_addColumn_closure11,3745
com.dexvis.dex.DexData$_append_closure12,3053
com.dexvis.dex.DexData$_append_closure13,2566
com.dexvis.dex.DexData$_closure1,2282
com.dexvis.dex.DexData$_closure2,2240
com.dexvis.dex.DexData$_getColumnAsDouble_closure9,2660
com.dexvis.dex.DexData$_getColumnNumber_closure4,2367
com.dexvis.dex.DexData$_getColumn_closure5,2590
com.dexvis.dex.DexData$_getMapList_closure3$_closure21,3051
com.dexvis.dex.DexData$_getMapList_closure3,3336
com.dexvis.dex.DexData$_getMaxLengths_closure17$_closure24,3516
com.dexvis.dex.DexData$_getMaxLengths_closure17,3289
com.dexvis.dex.DexData$_groupByIndex_closure14,2418
com.dexvis.dex.DexData$_groupByIndex_closure15$_closure22,2629
com.dexvis.dex.DexData$_groupByIndex_closure15$_closure23,3045
com.dexvis.dex.DexData$_groupByIndex_closure15,3634
com.dexvis.dex.DexData$_groupByName_closure16,2307
com.dexvis.dex.DexData$_guessTypes_closure18$_closure25,4979
com.dexvis.dex.DexData$_guessTypes_closure18,4285
com.dexvis.dex.DexData$_normalize_closure10,4112
com.dexvis.dex.DexData$_select_closure6,2410
com.dexvis.dex.DexData$_select_closure7,2364
com.dexvis.dex.DexData$_select_closure8,2542
com.dexvis.dex.DexData$_toCsvString_closure19,2187
com.dexvis.dex.DexData$_toCsvString_closure20$_closure26,2236
com.dexvis.dex.DexData$_toCsvString_closure20,2927
com.dexvis.dex.DexData,20285
com.dexvis.dex.DexItem,3635
com.dexvis.dex.DexMatcher,2351
com.dexvis.dex.DexProject,3318
com.dexvis.dex.Utils,724
com.dexvis.dex.collections.HierarchicalMap,5073
com.dexvis.dex.deprecated.Dendogram,2241
com.dexvis.dex.deprecated.Starburst,2240
com.dexvis.dex.exception.DexException,1412
com.dexvis.dex.exception.ProjectNotFoundException,841
com.dexvis.dex.task.base.WebDriverTask,14252
com.dexvis.dex.task.base.WebTask$1,3928
com.dexvis.dex.task.base.WebTask$2,4106
com.dexvis.dex.task.base.WebTask$_getConfigScript_closure1,3743
com.dexvis.dex.task.base.WebTask$_getConfigScript_closure2,2623
com.dexvis.dex.task.base.WebTask$_getConfigScript_closure3,2567
com.dexvis.dex.task.base.WebTask,16661
com.dexvis.dex.task.database.CreateJdbcTable$_execute_closure1,2452
com.dexvis.dex.task.database.CreateJdbcTable$_execute_closure2,3495
com.dexvis.dex.task.database.CreateJdbcTable$_getConfig_closure12,3110
com.dexvis.dex.task.database.CreateJdbcTable$_getConfig_closure13,3247
com.dexvis.dex.task.database.CreateJdbcTable$_getConfig_closure14,2946
com.dexvis.dex.task.database.CreateJdbcTable$_getConfig_closure15,2947
com.dexvis.dex.task.database.CreateJdbcTable$_getConfig_closure16,2438
com.dexvis.dex.task.database.CreateJdbcTable$_getConfig_closure17,2606
com.dexvis.dex.task.database.CreateJdbcTable$_populateBatch_closure7$_closure18,3820
com.dexvis.dex.task.database.CreateJdbcTable$_populateBatch_closure7$_closure19,2861
com.dexvis.dex.task.database.CreateJdbcTable$_populateBatch_closure7$_closure20,2313
com.dexvis.dex.task.database.CreateJdbcTable$_populateBatch_closure7,5413
com.dexvis.dex.task.database.CreateJdbcTable$_populateGraphDb_closure10$_closure25,4377
com.dexvis.dex.task.database.CreateJdbcTable$_populateGraphDb_closure10,3411
com.dexvis.dex.task.database.CreateJdbcTable$_populateGraphDb_closure11$_closure26$_closure27,4461
com.dexvis.dex.task.database.CreateJdbcTable$_populateGraphDb_closure11$_closure26,3921
com.dexvis.dex.task.database.CreateJdbcTable$_populateGraphDb_closure11,3745
com.dexvis.dex.task.database.CreateJdbcTable$_populateGraphDb_closure9,2691
com.dexvis.dex.task.database.CreateJdbcTable$_populateRDBMS_closure3,2685
com.dexvis.dex.task.database.CreateJdbcTable$_populateRDBMS_closure4,6076
com.dexvis.dex.task.database.CreateJdbcTable$_populateRDBMS_closure5,3118
com.dexvis.dex.task.database.CreateJdbcTable$_populateRDBMS_closure6,2170
com.dexvis.dex.task.database.CreateJdbcTable$_populateRowByRow_closure8$_closure21,5673
com.dexvis.dex.task.database.CreateJdbcTable$_populateRowByRow_closure8$_closure22,3582
com.dexvis.dex.task.database.CreateJdbcTable$_populateRowByRow_closure8$_closure23,2322
com.dexvis.dex.task.database.CreateJdbcTable$_populateRowByRow_closure8$_closure24,2322
com.dexvis.dex.task.database.CreateJdbcTable$_populateRowByRow_closure8,6156
com.dexvis.dex.task.database.CreateJdbcTable,25010
com.dexvis.dex.task.database.QueryJdbc$_execute_closure1,2864
com.dexvis.dex.task.database.QueryJdbc,15623
com.dexvis.dex.task.info.CompareDatasources$_compareDatasources_closure3$_closure12$_closure13$_closure14,3898
com.dexvis.dex.task.info.CompareDatasources$_compareDatasources_closure3$_closure12$_closure13,3932
com.dexvis.dex.task.info.CompareDatasources$_compareDatasources_closure3$_closure12,6094
com.dexvis.dex.task.info.CompareDatasources$_compareDatasources_closure3,5179
com.dexvis.dex.task.info.CompareDatasources$_execute_closure1,3057
com.dexvis.dex.task.info.CompareDatasources$_execute_closure2$_closure4$_closure10,2938
com.dexvis.dex.task.info.CompareDatasources$_execute_closure2$_closure4$_closure11,2857
com.dexvis.dex.task.info.CompareDatasources$_execute_closure2$_closure4$_closure5,2208
com.dexvis.dex.task.info.CompareDatasources$_execute_closure2$_closure4$_closure6,2208
com.dexvis.dex.task.info.CompareDatasources$_execute_closure2$_closure4$_closure7,2831
com.dexvis.dex.task.info.CompareDatasources$_execute_closure2$_closure4$_closure8,2831
com.dexvis.dex.task.info.CompareDatasources$_execute_closure2$_closure4$_closure9,2936
com.dexvis.dex.task.info.CompareDatasources$_execute_closure2$_closure4,6090
com.dexvis.dex.task.info.CompareDatasources$_execute_closure2,3403
com.dexvis.dex.task.info.CompareDatasources,13788
com.dexvis.dex.task.info.DescribeData$1,4785
com.dexvis.dex.task.info.DescribeData$_execute_closure1,3407
com.dexvis.dex.task.info.DescribeData,13671
com.dexvis.dex.task.input.FileInput$_execute_closure1,2297
com.dexvis.dex.task.input.FileInput$_execute_closure2,3659
com.dexvis.dex.task.input.FileInput,9257
com.dexvis.dex.task.input.JarInspector$_execute_closure1$_closure3$_closure4,4468
com.dexvis.dex.task.input.JarInspector$_execute_closure1$_closure3,4573
com.dexvis.dex.task.input.JarInspector$_execute_closure1,4158
com.dexvis.dex.task.input.JarInspector$_execute_closure2$_closure5$_closure6,3907
com.dexvis.dex.task.input.JarInspector$_execute_closure2$_closure5,4351
com.dexvis.dex.task.input.JarInspector$_execute_closure2,3198
com.dexvis.dex.task.input.JarInspector,11243
com.dexvis.dex.task.input.MultiFileInput$_execute_closure1$_closure2,2271
com.dexvis.dex.task.input.MultiFileInput$_execute_closure1$_closure3,3318
com.dexvis.dex.task.input.MultiFileInput$_execute_closure1,3609
com.dexvis.dex.task.input.MultiFileInput,8144
com.dexvis.dex.task.input.ReadCsv$_execute_closure1,2100
com.dexvis.dex.task.input.ReadCsv$_execute_closure2,2100
com.dexvis.dex.task.input.ReadCsv$_getConfig_closure3,2473
com.dexvis.dex.task.input.ReadCsv,10875
com.dexvis.dex.task.input.TextInput$_execute_closure1,3192
com.dexvis.dex.task.input.TextInput,8007
com.dexvis.dex.task.output.GroovyOutputTemplate,13208
com.dexvis.dex.task.output.WriteCsv$_execute_closure1$_closure3,2133
com.dexvis.dex.task.output.WriteCsv$_execute_closure1$_closure4$_closure5,2222
com.dexvis.dex.task.output.WriteCsv$_execute_closure1$_closure4,3444
com.dexvis.dex.task.output.WriteCsv$_execute_closure1,3220
com.dexvis.dex.task.output.WriteCsv$_getConfig_closure2,2486
com.dexvis.dex.task.output.WriteCsv,8509
com.dexvis.dex.task.prg.GroovyScript$_execute_closure1$_closure5,3116
com.dexvis.dex.task.prg.GroovyScript$_execute_closure1,3013
com.dexvis.dex.task.prg.GroovyScript$_execute_closure2,2307
com.dexvis.dex.task.prg.GroovyScript$_execute_closure3$_closure6,3042
com.dexvis.dex.task.prg.GroovyScript$_execute_closure3$_closure7,2704
com.dexvis.dex.task.prg.GroovyScript$_execute_closure3,5113
com.dexvis.dex.task.prg.GroovyScript$_execute_closure4$_closure8,4028
com.dexvis.dex.task.prg.GroovyScript$_execute_closure4,3741
com.dexvis.dex.task.prg.GroovyScript,12759
com.dexvis.dex.task.prg.JavaScript,11095
com.dexvis.dex.task.prg.JythonScript$_execute_closure1,2798
com.dexvis.dex.task.prg.JythonScript$_execute_closure2$_closure3,2685
com.dexvis.dex.task.prg.JythonScript$_execute_closure2,3130
com.dexvis.dex.task.prg.JythonScript,11147
com.dexvis.dex.task.prg.P5Script,10260
com.dexvis.dex.task.prg.RScript$_execute_closure1,3968
com.dexvis.dex.task.prg.RScript,13040
com.dexvis.dex.task.prg.TMIScript,10626
com.dexvis.dex.task.tablemanipulation.AddColumn,6547
com.dexvis.dex.task.tablemanipulation.AddRowNumber,1451
com.dexvis.dex.task.tablemanipulation.ColumnFilter$_deselectAll_closure7,2409
com.dexvis.dex.task.tablemanipulation.ColumnFilter$_execute_closure2,2812
com.dexvis.dex.task.tablemanipulation.ColumnFilter$_execute_closure3,3806
com.dexvis.dex.task.tablemanipulation.ColumnFilter$_execute_closure4,4029
com.dexvis.dex.task.tablemanipulation.ColumnFilter$_execute_closure5$_closure8,3541
com.dexvis.dex.task.tablemanipulation.ColumnFilter$_execute_closure5,3541
com.dexvis.dex.task.tablemanipulation.ColumnFilter$_initialize_closure1,2821
com.dexvis.dex.task.tablemanipulation.ColumnFilter$_selectAll_closure6,2403
com.dexvis.dex.task.tablemanipulation.ColumnFilter,12411
com.dexvis.dex.task.tablemanipulation.GroupColumns$1,4850
com.dexvis.dex.task.tablemanipulation.GroupColumns$_getConfig_closure1,2456
com.dexvis.dex.task.tablemanipulation.GroupColumns,11890
com.dexvis.dex.task.tablemanipulation.ReplaceAll$_execute_closure1,2770
com.dexvis.dex.task.tablemanipulation.ReplaceAll$_execute_closure2$_closure3,2726
com.dexvis.dex.task.tablemanipulation.ReplaceAll$_execute_closure2,2878
com.dexvis.dex.task.tablemanipulation.ReplaceAll,5899
com.dexvis.dex.task.tablemanipulation.SelectColumns$1,4856
com.dexvis.dex.task.tablemanipulation.SelectColumns$_getConfig_closure1,2460
com.dexvis.dex.task.tablemanipulation.SelectColumns,10995
com.dexvis.dex.task.tablemanipulation.SplitColumns$1,4850
com.dexvis.dex.task.tablemanipulation.SplitColumns$_execute_closure1$_closure2$_closure3,3072
com.dexvis.dex.task.tablemanipulation.SplitColumns$_execute_closure1$_closure2,3661
com.dexvis.dex.task.tablemanipulation.SplitColumns$_execute_closure1,3660
com.dexvis.dex.task.tablemanipulation.SplitColumns,11224
com.dexvis.dex.task.tablemanipulation.TrimColumns$_execute_closure1,2279
com.dexvis.dex.task.tablemanipulation.TrimColumns$_execute_closure2$_closure3,2235
com.dexvis.dex.task.tablemanipulation.TrimColumns$_execute_closure2,2472
com.dexvis.dex.task.tablemanipulation.TrimColumns,4040
com.dexvis.dex.task.utilities.DataRecorder$_execute_closure1,2132
com.dexvis.dex.task.utilities.DataRecorder$_execute_closure2$_closure3,2086
com.dexvis.dex.task.utilities.DataRecorder$_execute_closure2,2445
com.dexvis.dex.task.utilities.DataRecorder,6403
com.dexvis.dex.task.utilities.Documentation,10399
com.dexvis.dex.task.utilities.Environment$1,3926
com.dexvis.dex.task.utilities.Environment$2,4359
com.dexvis.dex.task.utilities.Environment$3,4360
com.dexvis.dex.task.utilities.Environment$_closure1,2784
com.dexvis.dex.task.utilities.Environment$_execute_closure3,2900
com.dexvis.dex.task.utilities.Environment$_initialize_closure2,2909
com.dexvis.dex.task.utilities.Environment,10550
com.dexvis.dex.task.utilities.ExecuteProcess$_execute_closure1,3538
com.dexvis.dex.task.utilities.ExecuteProcess,9620
com.dexvis.dex.task.utilities.Google,1864
com.dexvis.dex.task.utilities.GroovyFilter$1,4810
com.dexvis.dex.task.utilities.GroovyFilter$_execute_closure1$_closure2,3134
com.dexvis.dex.task.utilities.GroovyFilter$_execute_closure1,3037
com.dexvis.dex.task.utilities.GroovyFilter,12460
com.dexvis.dex.task.utilities.Group,3990
com.dexvis.dex.task.utilities.ViewData$1,4786
com.dexvis.dex.task.utilities.ViewData$_execute_closure1,3406
com.dexvis.dex.task.utilities.ViewData,10388
com.dexvis.dex.task.vis.c3.AreaChart,2243
com.dexvis.dex.task.vis.c3.BarChart,2237
com.dexvis.dex.task.vis.c3.LineChart,2243
com.dexvis.dex.task.vis.c3.LineChartMultiples,2298
com.dexvis.dex.task.vis.c3.Scatterplot,2254
com.dexvis.dex.task.vis.c3.StackedAreaChart,2286
com.dexvis.dex.task.vis.c3.StackedBarChart,2280
com.dexvis.dex.task.vis.c3.StepChart,2243
com.dexvis.dex.task.vis.d3.CircularHeat,2261
com.dexvis.dex.task.vis.d3.ClusteredForce,2273
com.dexvis.dex.task.vis.d3.CoOccurrence,2261
com.dexvis.dex.task.vis.d3.Force,2231
com.dexvis.dex.task.vis.d3.IndentedTree,2261
com.dexvis.dex.task.vis.d3.NodeLinkTree,2262
com.dexvis.dex.task.vis.d3.PartitionLayout,2279
com.dexvis.dex.task.vis.d3.Sankey$_execute_closure1,2656
com.dexvis.dex.task.vis.d3.Sankey$_execute_closure2,2627
com.dexvis.dex.task.vis.d3.Sankey$_execute_closure3$_closure8,2053
com.dexvis.dex.task.vis.d3.Sankey$_execute_closure3$_closure9,2998
com.dexvis.dex.task.vis.d3.Sankey$_execute_closure3,3312
com.dexvis.dex.task.vis.d3.Sankey$_execute_closure4$_closure10,2683
com.dexvis.dex.task.vis.d3.Sankey$_execute_closure4,2840
com.dexvis.dex.task.vis.d3.Sankey$_execute_closure5,2185
com.dexvis.dex.task.vis.d3.Sankey$_execute_closure6$_closure11,4709
com.dexvis.dex.task.vis.d3.Sankey$_execute_closure6,3625
com.dexvis.dex.task.vis.d3.Sankey$_execute_closure7$_closure12,3030
com.dexvis.dex.task.vis.d3.Sankey$_execute_closure7,2978
com.dexvis.dex.task.vis.d3.Sankey,19848
com.dexvis.dex.task.vis.d3.StackedRadar,2261
com.dexvis.dex.task.vis.d3.SteamGraph,2248
com.dexvis.dex.task.vis.d3.TensionMap,2249
com.dexvis.dex.task.vis.dexcharts.BarChart,2274
com.dexvis.dex.task.vis.dexcharts.C3Player,2274
com.dexvis.dex.task.vis.dexcharts.Chord,3975
com.dexvis.dex.task.vis.dexcharts.ChordMultiples,2310
com.dexvis.dex.task.vis.dexcharts.ClusteredForce,2310
com.dexvis.dex.task.vis.dexcharts.Dendrogram,3705
com.dexvis.dex.task.vis.dexcharts.DendrogramMultiples,2340
com.dexvis.dex.task.vis.dexcharts.DygraphLineChart,2304
com.dexvis.dex.task.vis.dexcharts.ForceDiagram,2298
com.dexvis.dex.task.vis.dexcharts.MotionBarChart,3990
com.dexvis.dex.task.vis.dexcharts.MotionChart,4093
com.dexvis.dex.task.vis.dexcharts.MotionCircleChart,4008
com.dexvis.dex.task.vis.dexcharts.MotionLineChart,3996
com.dexvis.dex.task.vis.dexcharts.Network,2744
com.dexvis.dex.task.vis.dexcharts.OrbitalLayout,3120
com.dexvis.dex.task.vis.dexcharts.ParCoor2Chord,2309
com.dexvis.dex.task.vis.dexcharts.ParCoor2Dendrogram,2339
com.dexvis.dex.task.vis.dexcharts.ParCoor2Table,2309
com.dexvis.dex.task.vis.dexcharts.ParallelCoordinates,3912
com.dexvis.dex.task.vis.dexcharts.RadarChart,3037
com.dexvis.dex.task.vis.dexcharts.RadialTree,2766
com.dexvis.dex.task.vis.dexcharts.Sankey,2276
com.dexvis.dex.task.vis.dexcharts.SankeyParticles,2796
com.dexvis.dex.task.vis.dexcharts.ScatterPlot,2291
com.dexvis.dex.task.vis.dexcharts.Sql2ParCoord,2298
com.dexvis.dex.task.vis.dexcharts.Sql2Table,2282
com.dexvis.dex.task.vis.dexcharts.SqlQuery,2274
com.dexvis.dex.task.vis.dexcharts.Sunburst,2753
com.dexvis.dex.task.vis.dexcharts.TitledTreemap,2305
com.dexvis.dex.task.vis.dexcharts.Treemap,2267
com.dexvis.dex.task.vis.dexcharts.dygraphs.LineChart,2313
com.dexvis.dex.task.vis.dexcharts.google.AreaChart,1932
com.dexvis.dex.task.vis.dexcharts.google.DiffBarChart,2313
com.dexvis.dex.task.vis.dexcharts.google.DiffPieChart,2313
com.dexvis.dex.task.vis.dexcharts.google.Timeline,2286
com.dexvis.dex.task.vis.dexcharts.google.WordTree,2287
com.dexvis.dex.task.vis.javafx.JavaFXBarChart$_chart_closure3$_closure16$_closure17,2709
com.dexvis.dex.task.vis.javafx.JavaFXBarChart$_chart_closure3$_closure16$_closure18,4134
com.dexvis.dex.task.vis.javafx.JavaFXBarChart$_chart_closure3$_closure16$_closure19,3409
com.dexvis.dex.task.vis.javafx.JavaFXBarChart$_chart_closure3$_closure16$_closure20,3557
com.dexvis.dex.task.vis.javafx.JavaFXBarChart$_chart_closure3$_closure16,5512
com.dexvis.dex.task.vis.javafx.JavaFXBarChart$_chart_closure3,3471
com.dexvis.dex.task.vis.javafx.JavaFXBarChart$_execute_closure1,2143
com.dexvis.dex.task.vis.javafx.JavaFXBarChart$_execute_closure2$_closure15,2099
com.dexvis.dex.task.vis.javafx.JavaFXBarChart$_execute_closure2,2460
com.dexvis.dex.task.vis.javafx.JavaFXBarChart$_getConfig_closure10,2544
com.dexvis.dex.task.vis.javafx.JavaFXBarChart$_getConfig_closure11,2543
com.dexvis.dex.task.vis.javafx.JavaFXBarChart$_getConfig_closure12,2374
com.dexvis.dex.task.vis.javafx.JavaFXBarChart$_getConfig_closure13,2375
com.dexvis.dex.task.vis.javafx.JavaFXBarChart$_getConfig_closure14,2375
com.dexvis.dex.task.vis.javafx.JavaFXBarChart$_getConfig_closure4,2375
com.dexvis.dex.task.vis.javafx.JavaFXBarChart$_getConfig_closure5,2377
com.dexvis.dex.task.vis.javafx.JavaFXBarChart$_getConfig_closure6,2377
com.dexvis.dex.task.vis.javafx.JavaFXBarChart$_getConfig_closure7,2543
com.dexvis.dex.task.vis.javafx.JavaFXBarChart$_getConfig_closure8,2543
com.dexvis.dex.task.vis.javafx.JavaFXBarChart$_getConfig_closure9,2543
com.dexvis.dex.task.vis.javafx.JavaFXBarChart,18697
com.dexvis.dex.task.vis.javafx.JavaFXBubbleChart$_chart_closure3,2975
com.dexvis.dex.task.vis.javafx.JavaFXBubbleChart$_chart_closure4,2975
com.dexvis.dex.task.vis.javafx.JavaFXBubbleChart$_chart_closure5$_closure11,3430
com.dexvis.dex.task.vis.javafx.JavaFXBubbleChart$_chart_closure5,3788
com.dexvis.dex.task.vis.javafx.JavaFXBubbleChart$_chart_closure6$_closure12,3430
com.dexvis.dex.task.vis.javafx.JavaFXBubbleChart$_chart_closure6,3788
com.dexvis.dex.task.vis.javafx.JavaFXBubbleChart$_chart_closure7,3471
com.dexvis.dex.task.vis.javafx.JavaFXBubbleChart$_chart_closure8,3483
com.dexvis.dex.task.vis.javafx.JavaFXBubbleChart$_chart_closure9$_closure13$_closure14,10228
com.dexvis.dex.task.vis.javafx.JavaFXBubbleChart$_chart_closure9$_closure13,8753
com.dexvis.dex.task.vis.javafx.JavaFXBubbleChart$_chart_closure9,7198
com.dexvis.dex.task.vis.javafx.JavaFXBubbleChart$_execute_closure1,2155
com.dexvis.dex.task.vis.javafx.JavaFXBubbleChart$_execute_closure2$_closure10,2111
com.dexvis.dex.task.vis.javafx.JavaFXBubbleChart$_execute_closure2,2475
com.dexvis.dex.task.vis.javafx.JavaFXBubbleChart,24597
com.dexvis.dex.task.vis.javafx.JavaFXPieChart$_chart_closure3,2562
com.dexvis.dex.task.vis.javafx.JavaFXPieChart$_chart_closure4,3845
com.dexvis.dex.task.vis.javafx.JavaFXPieChart$_chart_closure5,2957
com.dexvis.dex.task.vis.javafx.JavaFXPieChart$_execute_closure1,2143
com.dexvis.dex.task.vis.javafx.JavaFXPieChart$_execute_closure2$_closure6,2097
com.dexvis.dex.task.vis.javafx.JavaFXPieChart$_execute_closure2,2459
com.dexvis.dex.task.vis.javafx.JavaFXPieChart,15935
com.dexvis.dex.task.vis.javafx.JavaFXXYChart$_chart_closure3$_closure6$_closure7,4869
com.dexvis.dex.task.vis.javafx.JavaFXXYChart$_chart_closure3$_closure6,3698
com.dexvis.dex.task.vis.javafx.JavaFXXYChart$_chart_closure3,3241
com.dexvis.dex.task.vis.javafx.JavaFXXYChart$_chart_closure4$_closure8$_closure9,3520
com.dexvis.dex.task.vis.javafx.JavaFXXYChart$_chart_closure4$_closure8,3698
com.dexvis.dex.task.vis.javafx.JavaFXXYChart$_chart_closure4,3241
com.dexvis.dex.task.vis.javafx.JavaFXXYChart$_execute_closure1,2139
com.dexvis.dex.task.vis.javafx.JavaFXXYChart$_execute_closure2$_closure5,2093
com.dexvis.dex.task.vis.javafx.JavaFXXYChart$_execute_closure2,2454
com.dexvis.dex.task.vis.javafx.JavaFXXYChart,23384
com.dexvis.dex.task.vis.nvd3.BarChart,1895
com.dexvis.dex.task.vis.nvd3.BubbleChart,1913
com.dexvis.dex.task.vis.nvd3.CrossFilter,2264
com.dexvis.dex.task.vis.nvd3.DonutChart,1908
com.dexvis.dex.task.vis.nvd3.LineChart,1901
com.dexvis.dex.task.vis.nvd3.MultiBarChart,1925
com.dexvis.dex.task.vis.nvd3.MultiHorBarChart,1943
com.dexvis.dex.task.vis.nvd3.PieChart,1896
com.dexvis.dex.task.vis.nvd3.StackedAreaChart,2296
com.dexvis.dex.task.vis.prefuse.PrefuseGraphView,3737
com.dexvis.dex.task.vis.prefuse.PrefuseRadialGraphView,3975
com.dexvis.dex.task.vis.prefuse.PrefuseStarburst,4175
com.dexvis.dex.task.vis.prefuse.PrefuseTreeView,4566
com.dexvis.dex.task.vis.table.BlueTable,1907
com.dexvis.dex.task.vis.table.DataTable,1907
com.dexvis.dex.task.vis.table.Grid,1883
com.dexvis.dex.task.vis.table.SearchableTable,1943
com.dexvis.dex.task.vis.uml.ClassDiagram$_getBinding_closure1,2939
com.dexvis.dex.task.vis.uml.ClassDiagram$_getBinding_closure2,3918
com.dexvis.dex.task.vis.uml.ClassDiagram,5135
com.dexvis.dex.task.vis.uml.SequenceDiagram$_getBinding_closure1,3266
com.dexvis.dex.task.vis.uml.SequenceDiagram,4660
com.dexvis.dex.task.vis.vis.AnimatedGraph3D,2765
com.dexvis.dex.task.vis.vis.BarChart,2722
com.dexvis.dex.task.vis.vis.HierarchicalLayout,2782
com.dexvis.dex.task.vis.vis.Network,2715
com.dexvis.dex.task.vis.vis.Timeline,2721
com.dexvis.dex.wf.DexEnvironment,4227
com.dexvis.dex.wf.DexJob,606
com.dexvis.dex.wf.DexJobScheduler,1117
com.dexvis.dex.wf.DexJobState,406
com.dexvis.dex.wf.DexTask,11118
com.dexvis.dex.wf.DexTaskMetaData,2188
com.dexvis.dex.wf.DexTaskState,1832
com.dexvis.dex.wf.InternalTask,1057
com.dexvis.dex.wf.ParallelJob,3300
com.dexvis.dex.wf.SerialJob$JobTask,4606
com.dexvis.dex.wf.SerialJob,8061
com.dexvis.exception.ContainerException,1638
com.dexvis.exception.ElementNotFoundException,835
com.dexvis.exception.InvalidArgumentException,835
com.dexvis.exception.MissingOptionException,829
com.dexvis.exception.MissingPropertyException,835
com.dexvis.javafx.core.Javascript2JavaApp,1074
com.dexvis.javafx.editors.ChoiceBoxEditor,1765
com.dexvis.javafx.observable.DataMonitor,1914
com.dexvis.javafx.observable.NameValuePair,1483
com.dexvis.javafx.observable.SingleString,1153
com.dexvis.javafx.scene.control.DexOptions,5534
com.dexvis.javafx.scene.control.DexPropertySheet,4333
com.dexvis.javafx.scene.control.DexTaskItem,6249
com.dexvis.javafx.scene.control.DexTaskList$1,1587
com.dexvis.javafx.scene.control.DexTaskList$DexTaskItemCell,4709
com.dexvis.javafx.scene.control.DexTaskList,14491
com.dexvis.javafx.scene.control.DexTaskListProperty,1773
com.dexvis.javafx.scene.control.DexTaskProperty,4033
com.dexvis.javafx.scene.control.DexTaskTree$1,1621
com.dexvis.javafx.scene.control.DexTaskTree$DexTaskTreeItemCell,2555
com.dexvis.javafx.scene.control.DexTaskTree,5164
com.dexvis.javafx.scene.control.EnvironmentEditingCell$1,1611
com.dexvis.javafx.scene.control.EnvironmentEditingCell,2311
com.dexvis.javafx.scene.control.NodeFactory,2099
com.dexvis.javafx.scene.control.editor.CodeMirrorEditor$1,5322
com.dexvis.javafx.scene.control.editor.CodeMirrorEditor$JavaApp,4016
com.dexvis.javafx.scene.control.editor.CodeMirrorEditor,7483
com.dexvis.simple.transform.BooleanPropertyTransform,1603
com.dexvis.simple.transform.CheckBoxTransform,1556
com.dexvis.simple.transform.ChoiceBoxTransform,3028
com.dexvis.simple.transform.HTMLEditorTransform,1326
com.dexvis.simple.transform.LabelTransform,1250
com.dexvis.simple.transform.ListSelectionViewTransform,3184
com.dexvis.simple.transform.ListViewTransform,3745
com.dexvis.simple.transform.PropertySheetTransform,1559
com.dexvis.simple.transform.RadioButtonTransform,2422
com.dexvis.simple.transform.StringListTransform,1708
com.dexvis.simple.transform.StringPropertyTransform,1396
com.dexvis.simple.transform.TextAreaTransform,1274
com.dexvis.simple.transform.TextFieldTransform,1282
com.dexvis.simple.types.SimpleListSelectionView,1110
com.dexvis.simple.types.SimpleListView,1617
com.dexvis.util.ArrayUtil,2105
com.dexvis.util.ClassPathUtil,6665
com.dexvis.util.DateUtil,4456
com.dexvis.util.DexUtil$_getCsvString_closure7,2197
com.dexvis.util.DexUtil$_getCsvString_closure8$_closure13,2175
com.dexvis.util.DexUtil$_getCsvString_closure8,2758
com.dexvis.util.DexUtil$_getFlatDataString_closure5$_closure12,2190
com.dexvis.util.DexUtil$_getFlatDataString_closure5,2778
com.dexvis.util.DexUtil$_getFlatJSONString_closure4$_closure11,3178
com.dexvis.util.DexUtil$_getFlatJSONString_closure4,3327
com.dexvis.util.DexUtil$_getHeaderString_closure6,2206
com.dexvis.util.DexUtil$_getProcessingJsString_closure2,2224
com.dexvis.util.DexUtil$_getProcessingJsString_closure3$_closure10,2266
com.dexvis.util.DexUtil$_getProcessingJsString_closure3,2968
com.dexvis.util.DexUtil$_getSizedJSONStringBody_closure1,4252
com.dexvis.util.DexUtil$_main_closure9,3281
com.dexvis.util.DexUtil,16480
com.dexvis.util.FxUtil,1509
com.dexvis.util.GroovyUtil$_collectWithIndex_closure1,2935
com.dexvis.util.GroovyUtil$_csvToMap_closure2,2658
com.dexvis.util.GroovyUtil$_csvToMap_closure3$_closure8,2899
com.dexvis.util.GroovyUtil$_csvToMap_closure3,2771
com.dexvis.util.GroovyUtil$_main_closure4,2308
com.dexvis.util.GroovyUtil$_main_closure5,2366
com.dexvis.util.GroovyUtil$_main_closure6,2469
com.dexvis.util.GroovyUtil$_main_closure7,3857
com.dexvis.util.GroovyUtil,6773
com.dexvis.util.JDOMUtil,3297
com.dexvis.util.ListUtil,1059
com.dexvis.util.MapUtil,5329
com.dexvis.util.ObjectUtil,6613
com.dexvis.util.Options,5032
com.dexvis.util.PropertyUtil,3974
com.dexvis.util.SortedList,1009
com.dexvis.util.SqlTimeFactory,817
com.dexvis.util.SqlUtil,7578
com.dexvis.util.StreamUtil,3357
com.dexvis.util.TaskPropertyFactory,12960
com.dexvis.util.ThreadUtil,1762
com.dexvis.util.WebViewUtil,3986
