DATE,EVENT
6/28/1914,"Assassination of Archduke Franz Ferdinand of Austria, heir to the Austro-Hungarian throne, who was killed in Sarajevo along with his wife Duchess Sophie by Bosnian Serb Gavrilo Princip."
7/5/1914,Austria-Hungary seeks German support for a war against Serbia in case of Russian militarism. Germany gives assurances of support.
7/23/1914,Austria-Hungary sends an ultimatum to Serbia. The Serbian response is seen as unsatisfactory.
7/28/1914,Austria-Hungary declares war on Serbia. Russia mobilizes.
7/31/1914,Germany warns Russia to stop mobilizing. Russia says mobilization is against Austria-Hungary only.
8/1/1914,Germany and the Ottoman Empire sign a secret alliance treaty.
8/1/1914,Germany declares war on Russia.
8/1/1914,Italy declares its neutrality.
8/2/1914,"Germany sieges and captures fortified Longwy 'the iron gate to Paris' near the Luxembourg border, opening France to mass German invasion"
8/2/1914,Germany invades Luxembourg.
8/2/1914,"Skirmish at Joncherey, first military action on the Western Front"
8/3/1914,Germany declares war on France. Belgium does not allow German arms through to the French border.
8/4/1914,The Germans besiege and then capture the fortresses of Belgium.
8/4/1914,Germany invades Belgium
8/4/1914,"Britain protests the violation of Belgian neutrality, guaranteed by a treaty; German Chancellor replies that the treaty is just a chiffon de papier (a scrap of paper). The United Kingdom declares war on Germany."
8/4/1914,The United States declares neutrality.
8/5/1914,Montenegro declares war on Austria-Hungary.
8/5/1914,The Ottoman Empire closes the Dardanelles.
8/6/1914,Austria-Hungary declares war on Russia.
8/6/1914,Serbia declares war on Germany.
8/7/1914,Battle of the Frontiers. The Germans obtain a victory against the British Expeditionary Force and France's Fifth Army.
8/7/1914,"Battle of Mulhouse, a phase of the Battle of the Frontiers."
8/7/1914,The British Expeditionary Force arrives in France.
8/9/1914,Montenegro declares war on Germany.
8/9/1914,The Togoland Campaign begins.
8/11/1914,France declares war on Austria-Hungary.
8/12/1914,"Battle of Haelen, a phase of the Battle of the Frontiers."
8/12/1914,The United Kingdom declares war on Austria-Hungary.
8/14/1914,"Battle of Lorraine, a phase of the Battle of the Frontiers."
8/16/1914,The Serbs defeat the Austro-Hungarians at the Battle of Cer.
8/17/1914,The Russian army enters East Prussia. Battle of Stalluponen.
8/20/1914,"Battle of Morhange, a phase of the Battle of Lorraine."
8/20/1914,"Battle of Sarrebourg, a phase of the Battle of Lorraine."
8/20/1914,The Germans occupy Brussels.
8/20/1914,"The Germans attack the Russians in East Prussia, the Battle of Gumbinnen. The attack is a failure in addition to being a deviation from the Schlieffen Plan."
8/21/1914,"Battle of the Ardennes, a phase of the Battle of the Frontiers."
8/21/1914,"Battle of Charleroi, a phase of the Battle of the Frontiers."
8/22/1914,Austria-Hungary declares war on Belgium.
8/23/1914,Battle of Lemberg. The Russians capture Lviv.
8/23/1914,Battle of Tannenberg: the Russian army undergoes a heavy defeat by the Germans.
8/23/1914,"Battle of Kraè?nik, a phase of the Battle of Lemberg. The Austro-Hungarian First Army defeats the Russian Fourth Army."
8/23/1914,"Battle of Mons, a phase of the Battle of the Frontiers."
8/23/1914,Japan declares war on Germany.
8/24/1914,The Allied Great Retreat to the River Marne.
8/24/1914,The Germans besiege and capture the Maubeuge Fortress.
8/24/1914,Action of Elouges.
8/24/1914,"Battle of the Mortagne, a phase of the Battle of Lorraine."
8/25/1914,Japan declares war on Austria-Hungary.
8/26/1914,"Battle of Komarow, part of the Battle of Lemberg."
8/26/1914,"Battle of Gnila Lipa, a phase of the Battle of Lemberg."
8/26/1914,Battle of Le Cateau. Allied retreat.
8/26/1914,Battle of Le Grand Fayt.
8/26/1914,"British and French forces conquer Togoland, a German protectorate in West Africa."
8/27/1914,Battle of Tsingtao: British and Japanese forces capture the German-controlled port of Tsingtao in China.
8/27/1914,Battle of ??treux.
8/28/1914,"The Royal Navy wins the First Battle of Heligoland Bight, North Sea."
8/29/1914,"Battle of Saint Quentin, aka Battle of Guise. Orderly Allied retreat."
8/30/1914,New Zealand occupies German Samoa (later Western Samoa).
9/1/1914,Action at Nery
9/2/1914,"Austro-Hungarian defeat at the Battle of Rava Russka, a phase of the Battle of Lemberg."
9/4/1914,"Battle of Grand Couronne, a phase of the Battle of the Frontiers."
9/5/1914,"First Battle of the Marne. The German advance on Paris is halted, marking the failure of the Schlieffen Plan."
9/5/1914,"Battle of the Ourcq, a phase of the First Battle of the Marne."
9/5/1914,Battle of the Two Morins.
9/6/1914,Battle of Drina.
9/6/1914,"Battle of the Marshes of Saint-Gond, a phase of the First Battle of the Marne."
9/6/1914,"Battle of Revigny, a phase of the First Battle of the Marne."
9/6/1914,"Battle of Vitry, a phase of the First Battle of the Marne."
9/7/1914,First Battle of the Masurian Lakes: The Russian Army of the Neman withdraws from East Prussia with heavy casualties.
9/9/1914,Theobald von Bethmann Hollweg lays out Germany's war aims.
9/11/1914,Australian forces occupy German New Guinea.
9/13/1914,The First Battle of the Aisne ends in a substantial draw. The Race to the Sea begins.
9/13/1914,Troops from South Africa begin invading German South-West Africa.
9/14/1914,Erich von Falkenhayn replaces Helmuth von Moltke the Younger as German Chief of Staff.
9/19/1914,Battle of Flirey
9/20/1914,"Battle of Zanzibar, German naval victory."
9/22/1914,First Battle of Picardy.
9/24/1914,The Siege of Przemyè?l begins
9/25/1914,First Battle of Albert
9/28/1914,"The Germans besiege and capture Antwerp, Belgium."
9/29/1914,"Battle of the Vistula River, aka Battle of Warsaw."
10/1/1914,"Battle of Rufiji Delta, German cruiser K??nigsberg destroyed."
10/1/1914,First Battle of Arras.
10/9/1914,Central powers control Belgrade.
10/10/1914,Battle of La Bassee.
10/12/1914,First Battle of Messines.
10/13/1914,Battle of Armentieres.
10/16/1914,Battle of the Yser. French and Belgian forces secure the coastline of Belgium.
10/19/1914,The First Battle of Ypres ends the Race to the Sea. The Germans are prevented from reaching Calais and Dunkirk.
11/1/1914,Battle of Coronel. Von Spee's German cruiser squadron defeats a Royal Navy squadron under Christopher Cradock.
11/1/1914,Russia declares war on the Ottoman Empire.
11/2/1914,"Bergmann Offensive, first military engagement in the Caucuses of the First World War."
11/2/1914,The United Kingdom begins the naval blockade of Germany.
11/3/1914,"Von Lettow-Vorbeck's German colonial forces defeat the British at the Battle of Tanga, German East Africa."
11/3/1914,Battle of Kilimanjaro.
11/3/1914,Montenegro declares war on the Ottoman Empire.
11/5/1914,France and the United Kingdom declare war on the Ottoman Empire.
11/6/1914,"Fao Landing, British and Indians besiege the fortress at Fao."
11/9/1914,"Battle of Cocos, northeast Indian Ocean. The Australian cruiser Sydney destroys the German cruiser Emden."
11/11/1914,Battle of èÅ??dèß (aka Silesian Offensive).
11/11/1914,Battle of Basra.
11/11/1914,Sultan Mehmed V declares Jihad on the Allies.
11/16/1914,"Battle of Kolubara, Austro-Hungarians leave Serbia."
12/1/1914,First Battle of Artois.
12/1/1914,Battle of Limanowa.
12/3/1914,Battle of Qurna.
12/8/1914,Battle of the Falklands. Von Spee's German cruiser squadron is defeated by the Royal Navy.
12/10/1914,Hill 60 captured by the Germans.
12/16/1914,"The German fleet shells Scarborough and Hartlepool, England."
12/18/1914,Battle of Givenchy.
12/20/1914,First Battle of Champagne.
12/20/1914,Fighting begins at Perthes.
12/22/1914,"The Russians win the Battle of Sarikamis, Caucasia."
12/22/1914,Fighting begins at Noyon.
12/24/1914,"In some sectors of the Western Front, an unofficial Christmas truce is observed between German and British forces."
12/25/1914,Battle of Ardahan.
1/2/1915,The Russian offensive in the Carpathians begins. It will continue until April 12.
1/18/1915,Battle of Jassin.
1/19/1915,"Battle of Hartmannswillerkopf, series of battles fought to control the peak."
1/19/1915,First Zeppelin raid on Great Britain.
1/24/1915,Chilembwe uprising led by John Chilembwe in Nyasaland.
1/24/1915,Battle of Dogger Bank between squadrons of the British Grand Fleet and the German Hochseeflotte.
1/28/1915,The Ottomans fail to capture the Suez Canal.
1/31/1915,Battle of Bolimov. First German use of chemical weapons.
2/4/1915,Germany begins unrestricted submarine warfare against merchant vessels.
2/7/1915,Second Battle of the Masurian Lakes. The Russian X Army is defeated.
2/19/1915,British and French naval attack on the Dardanelles. The Gallipoli Campaign begins.
3/10/1915,"Battle of Neuve Chapelle. After an initial success, a British offensive is halted."
3/22/1915,The Siege of Przemyè?l ends. The Russians capture the fortress.
4/5/1915,First Battle of Woevre.
4/12/1915,Battle of Shaiba.
4/19/1915,The Ottomans besiege the Armenian city of Van.
4/22/1915,"The Second Battle of Ypres, which ends in a stalemate. Germany first uses the poison gas."
4/22/1915,"Battle of Gravenstafel, First stage of the Second Battle of Ypres."
4/24/1915,"Battle of St Julien, part of the Second Battle of Ypres."
4/25/1915,"Allied forces land on Gallipoli, landing at Anzac Cove and Cape Helles."
4/25/1915,London Pact between the Entente and Italy.
4/28/1915,First Battle of Krithia. The Allied advance is repelled.
5/1/1915,Battle of Eski Hissarlik.
5/1/1915,The Gorlice-Tarn??w begins: the German troops under General Mackensen break through the Russian lines in Galicia.
5/3/1915,Troops withdraw from Anzac Cove.
5/6/1915,Second Battle of Krithia. The Allied attempts at advancing are thwarted again.
5/7/1915,The British liner Lusitania is sunk by a German U-boat.
5/8/1915,"Battle of Frezenberg Ridge, Part of the Second Battle of Ypres."
5/9/1915,Second Battle of Artois.
5/9/1915,"Battle of Aubers Ridge, a phase of the Second Battle of Artois."
5/10/1915,Troops from Hungary rout the Russians at Jarosè?aw. Lviv is again in Austrian hands.
5/11/1915,Armistice called at Gallipoli to bury the dead.
5/12/1915,"Windhoek, capital of German South-West Africa, is occupied by South African troops."
5/15/1915,Battle of Festubert.
5/16/1915,Battle of Konary.
5/23/1915,Italy declares war on Austria-Hungary.
5/24/1915,"Battle of Bellewaarde, final phase of the Second Battle of Ypres."
6/1/1915,The Russian Great Retreat from Poland and Galicia.
6/4/1915,The Russians leave Przemyè?l.
6/4/1915,Third Battle of Krithia. Yet another Allied failure.
6/10/1915,Battle of Manzikert.
6/21/1915,Battle of Bukoba.
6/22/1915,Mackensen breaks again through the Russian lines in the Lviv area.
6/23/1915,First Battle of the Isonzo.
6/27/1915,The Austro-Hungarians re-enter Lviv.
6/28/1915,The British win the Battle of Gully Ravine.
7/1/1915,Battle of Kara Killisse.
7/9/1915,The German forces in South-West Africa surrender.
7/18/1915,Second Battle of the Isonzo.
7/25/1915,Italians capture Cappuccio Wood.
8/5/1915,The Germans occupy Warsaw.
8/6/1915,"Battle of Sari Bair, part of the August Offensive. Last and unsuccessful attempt by the British to seize the Gallipoli peninsula."
8/6/1915,"Allies land at Suvla Bay, a phase of the August Offensive."
8/6/1915,"Battle of Krithia Vineyard, part of the August Offensive."
8/6/1915,"Battle of Lone Pine, part of the August Offensive."
8/7/1915,"Battle of Chunuk Bair, a phase of the August Offensive."
8/7/1915,"Battle of the Nek, a phase of the August Offensive."
8/21/1915,"Battle of Hill 60, part of the August Offensive."
8/21/1915,"Scimitar Hill, a phase of the August Offensive."
8/26/1915,"Sventiany Offensive, a phase of the Gorlice-Tarnow Offensive."
9/1/1915,Germany suspends unrestricted submarine warfare.
9/8/1915,"Nicholas II removes Grand Duke Nicholas Nikolayevich as Commander-in-Chief of the Russian Army, personally taking that position."
9/15/1915,Third Battle of Artois.
9/19/1915,The Germans occupy Vilnius. The Gorlice-Tarn??w Offensive ends.
9/25/1915,Second Battle of Champagne.
9/25/1915,"Battle of the Hohenzollern Redoubt, a phase of the Battle of Loos."
9/25/1915,"Battle of Loos, a major British offensive, fails."
9/28/1915,Battle of Es Sinn.
10/7/1915,"Serbia is invaded by Germany, Austria-Hungary, and Bulgaria."
10/14/1915,"Ovche Pole Offensive, a phase of the Central Powers invasion of Serbia, Bulgarians break through Serbian lines."
10/14/1915,"Morava Offensive, a phase of the Central Powers Invasion of Serbia, Bulgarians break through Serbian lines."
10/14/1915,Bulgaria declares war on Serbia
10/15/1915,The United Kingdom declares war on Bulgaria.
10/16/1915,France declares war on Bulgaria.
10/17/1915,"Battle of Krivolak, start of the set up of the Salonika Front."
10/18/1915,Third Battle of the Isonzo
10/19/1915,Italy and Russia declare war on Bulgaria.
10/27/1915,"A French army lands in Salonika and, with the help of British and Italian troops, sets up a Balkan Front."
11/10/1915,"Kosovo Offensive, a phase of the Central Powers invasion of Serbia, Serbians pushed into Albania."
11/10/1915,Fourth Battle of the Isonzo
11/22/1915,"Battle of Ctesiphon, in present-day Iraq."
11/27/1915,The Serbian army collapses. It will retreat to the Adriatic Sea and be evacuated by the Italian and French Navies.
12/1/1915,Battle of Lake Tanganyika.
12/6/1915,Battle of Kosturino
12/7/1915,"The First Siege of Kut, Mesopotamia, by the Ottomans begins."
12/19/1915,Douglas Haig replaces John French as commander of the British Expeditionary Force.
1/5/1916,"Austro-Hungarian offensive against Montenegro, which capitulates."
1/6/1916,"Battle of Sheikh Sa'ad, a phase of the First Siege of Kut."
1/6/1916,Battle of Mojkovac
1/9/1916,The Gallipoli Campaign ends in an Allied defeat and an Ottoman victory.
1/10/1916,Battle of Erzurum.
1/11/1916,Corfu occupied by the Allies.
1/13/1916,"Battle of Wadi, a phase of the First Siege of Kut."
1/21/1916,"Battle of Hanna, a phase of the First Siege of Kut."
1/24/1916,Reinhard Scheer is appointed commander of Germany's Hochseeflotte.
1/27/1916,Conscription introduced in the United Kingdom by the Military Service Act.
2/5/1916,Trebizond Campaign.
2/12/1916,Battle of Salaita Hill.
2/21/1916,The Battle of Verdun begins.
2/26/1916,"Battle of Agagia, Senussi rebellion suppressed by the British."
2/28/1916,German Kamerun (Cameroon) surrenders.
3/1/1916,Fifth Battle of the Isonzo.
3/1/1916,Germany resumes unrestricted submarine warfare.
3/2/1916,Battle of Bitlis.
3/8/1916,Battle of Dujaila: a British attempt to relieve Kut failed.
3/9/1916,Germany declares war on Portugal. Portugal officially enters the war.
3/11/1916,Battle of Latema Nek.
3/18/1916,Lake Naroch Offensive.
3/18/1916,Battle of Kahe.
4/24/1916,Easter Rising by Irish rebels for independence from the United Kingdom.
4/27/1916,Gas attack at Hulluch.
4/29/1916,"The British forces under siege at Kut surrender to the Ottomans, first siege of Kut ends."
5/7/1916,Battle of Kondoa Irangi.
5/10/1916,Germany suspends unrestricted submarine warfare.
5/15/1916,Austro-Hungarian Strafexpedition in Trentino.
5/31/1916,Battle of Jutland between Britain's Grand Fleet and Germany's Hochseeflotte.
6/2/1916,Battle of Mont Sorrel.
6/4/1916,The Brusilov Offensive begins.
6/5/1916,The Arab Revolt in Hejaz begins.
6/5/1916,The HMS Hampshire is sunk off the Orkney Islands; Lord Kitchener dies.
6/10/1916,"Battle of Mecca, Arabs capture the city."
6/10/1916,Italy: Paolo Boselli succeeds Antonio Salandra as Prime Minister.
6/10/1916,The Siege of Medina begins.
6/30/1916,"Battle of the Boar's Head, diversion from the Battle of the Somme which began the next day."
7/1/1916,Second Battle of Albert (Opening phase of the Battle of the Somme).
7/1/1916,British capture Fricourt during the Second Battle of Albert.
7/1/1916,Battle of Taif.
7/1/1916,The Battle of the Somme begins.
7/2/1916,Battle of Erzincan.
7/3/1916,British capture Ovillers during the Second Battle of Albert and Battle of Bazentin Ridge.
7/3/1916,British and French capture Mametz Wood during the Second Battle of Albert.
7/3/1916,British and French capture La Boisselle during the Second Battle of Albert.
7/4/1916,Battle of Kostiuchnowka.
7/7/1916,Allies capture Contalmaison during the Second Battle of Albert.
7/8/1916,British capture Tr??nes Wood during the Second Battle of Albert.
7/14/1916,Battles for Longueval and Delville Wood (Initial phase of the Battle of the Somme)
7/14/1916,Battle of Bazentin Ridge (Initial phase of the Battle of the Somme)
7/19/1916,Battle of Fromelles (Initial phase of the Battle of the Somme).
7/23/1916,Battle of Pozi??res (Initial phase of the Battle of the Somme)
7/24/1916,Battle of Kowel.
8/3/1916,Battle of Romani. Ottoman attack on the British in the Sinai peninsula fails.
8/6/1916,Sixth Battle of the Isonzo. The Italians capture Gorizia (August 9).
8/6/1916,"Battle of Doberdo, part of the Sixth Battle of Isonzo."
8/9/1916,First battle of Doiran.
8/24/1916,Battle of Mlali.
8/27/1916,Conquest of Romania by Central Powers.
8/27/1916,"Battle of Transylvania, a phase of the conquest of Romania."
8/27/1916,Italy declares war on Germany.
8/27/1916,Romania enters the war on the Entente's side. Her army is defeated in a few weeks.
8/29/1916,Paul von Hindenburg replaces Erich von Falkenhayn as German Chief of Staff.
9/2/1916,"Battle of Turtucaia, a phase of the conquest of Romania."
9/3/1916,Battle of Guillemont (intermediate phase of the Battle of the Somme)
9/5/1916,"Battle of Dobrich, a phase of the conquest of Romania."
9/6/1916,The Central Powers create a unified command.
9/7/1916,Battle of Kisaki.
9/9/1916,Battle of Ginchy (intermediate phase of the Battle of the Somme)
9/12/1916,"Monastir Offensive, set up of the Salonika Front."
9/12/1916,"Battle of Kaymakchalan, a phase of the Monastir Offensive."
9/12/1916,"Battle of Malka Nidzhe, a phase of the Monastir Offensive."
9/14/1916,Seventh Battle of the Isonzo
9/15/1916,Battle of Flers-Courcelette (last offensive of the Battle of the Somme). The British use armored tanks for the first time in history.
9/17/1916,"First Battle of Cobadin, a phase of the conquest of Romania."
9/20/1916,The Brusilov Offensive ends with a substantial Russian success.
9/25/1916,Battle of Morval (part of the final stages of the Battle of the Somme)
9/26/1916,Battle of Thiepval Ridge (part of the final stages of the Battle of the Somme)
9/29/1916,"Flamanda Offensive, a phase of the conquest of Romania."
10/1/1916,Battle of Ancre Heights (part of the final stages of the Battle of the Somme).
10/1/1916,Battle of Le Transloy (part of the final stages of the Battle of the Somme)
10/1/1916,"First Battle of the Cerna Bend, a phase of the Monastir Offensive."
10/9/1916,Eighth Battle of the Isonzo.
10/19/1916,"Second Battle of Cobadin, a phase of the conquest of Romania."
10/24/1916,The French recapture Fort Douaumont near Verdun.
11/1/1916,Ninth Battle of the Isonzo.
11/13/1916,Battle of the Ancre (closing phase of the Battle of the Somme)
11/18/1916,The Battle of the Somme ends with enormous casualties and no winner.
11/21/1916,"Francis Joseph I, Emperor of Austria and King of Hungary, dies and is succeeded by Charles I."
11/21/1916,HMHS Britannic sinks after hitting a German mine
11/25/1916,"Battle of Bucharest, a phase of the conquest of Romania."
11/25/1916,David Beatty replaces John Jellicoe as commander of the Grand Fleet. Jellicoe becomes First Lord of the Sea.
11/28/1916,"Prunaru Charge, a phase of the Battle of Bucharest, Romanian cavalry desperately charge into enemy lines."
12/1/1916,Allies capture Yanbu.
12/1/1916,"Battle of the Arges, a phase of the Battle of Bucharest."
12/5/1916,United Kingdom: Prime Minister Henry Asquith resigns and is succeeded by David Lloyd George.
12/6/1916,The Germans occupy Bucharest. The capital of Romania moved to Iaè?i.
12/13/1916,Robert Nivelle replaces Joseph Joffre as Commander-in-Chief of the French Army.
12/23/1916,Christmas Battles.
12/23/1916,Battle of Magdhaba in the Sinai peninsula.
12/27/1916,Togoland is divided into British and French administrative zones.
12/29/1916,"Grigori Rasputin, Russia's ??minence grise, is assassinated."
1/3/1917,Battle of Behobeho.
1/9/1917,Battle of Rafa. The British drive the Ottomans out of Sinai.
1/11/1917,British raid the Ancre.
1/16/1917,"The German Foreign Secretary Arthur Zimmermann sends a telegram to his ambassador in Mexico, instructing him to propose to the Mexican government an alliance against the United States."
2/1/1917,Germany resumes unrestricted submarine warfare.
2/23/1917,The Germans withdraw to the Hindenburg Line.
2/23/1917,Second Battle of Kut. The British recapture the city.
3/1/1917,Arz von Straussenberg replaces Conrad von H??tzendorf as Austro-Hungarian Chief of Staff.
3/8/1917,The British capture Baghdad.
3/13/1917,"Samarrah Offensive, British capture much of Mesopotamia."
3/15/1917,Russia: Czar Nicholas II abdicates. A provisional government is appointed.
3/26/1917,First Battle of Gaza. The British attempt to capture the city fails.
4/1/1917,Stalemate in Southern Palestine.
4/2/1917,Australians attack Noreuil.
4/6/1917,The United States of America declares war on Germany.
4/9/1917,Second Battle of Arras. The British attack a heavily fortified German line without obtaining any strategic breakthrough.
4/9/1917,"First Battle of the Scarpe, part of the first phase of the Second Battle of Arras."
4/9/1917,"The Canadians obtain a significant victory in the Battle of Vimy Ridge, part of the first phase of the Second Battle of Arras."
4/10/1917,"First Battle of Bullecourt,part of the first phase of the Second Battle of Arras."
4/15/1917,"Battle of Lagnicourt, part of the Second phase of the Second Battle of Arras."
4/16/1917,The Second Battle of the Aisne (aka Nivelle Offensive) ends in disaster for both the French army and its commander Robert Nivelle.
4/17/1917,"Battle of the Hills (aka Third battle of Champagne), a diversion to the Second Battle of the Aisne."
4/19/1917,Second Battle of Gaza. The Ottoman lines resist a British attack.
4/22/1917,Second Battle of Doiran.
4/23/1917,"Second Battle of Scarpe, part of the second phase of the Second Battle of Arras."
4/28/1917,"Battle of Arleux, part of the Second phase of the Second Battle of Arras."
4/29/1917,Series of mutinies in the French army.
5/3/1917,"Second Battle of Bullecourt, part of the second phase of the Second Battle of Arras."
5/3/1917,"Third battle of the Scarpe, part of the second phase of the Second Battle of Arras."
5/5/1917,Allied Spring offensive on the Salonika Front.
5/5/1917,"Second Battle of the Cerna Bend, a phase of the Allied Spring Offensive."
5/12/1917,Tenth Battle of the Isonzo.
5/15/1917,Philippe P??tain replaces Robert Nivelle as Commander-in-Chief of the French Army.
5/23/1917,Battle of Mount Hermada in the Karst.
6/1/1917,"Operation Hush, British attempt to capture coast of Belgium fails."
6/7/1917,"Second Battle of Messines, The British recapture Messines Ridge."
6/10/1917,Battle of Mount Ortigara.
6/12/1917,Greece: King Constantine I abdicates.
6/13/1917,First successful heavy bomber raid on London done by the Gotha G.IV.
6/25/1917,First American troops land in France.
6/30/1917,Greece declares war on the Central powers.
7/1/1917,The Kerensky Offensive fails. It is the last Russian initiative in the war.
7/1/1917,"Battle of Zborov, a phase of the Kerensky Offensive."
7/6/1917,Arab rebels led by Lawrence of Arabia seize the Jordanian port of Aqaba.
7/20/1917,Corfu Declaration about the future Kingdom of Yugoslavia.
7/22/1917,Battle of Marasti
7/29/1917,Battle of Kiawe Bridge.
7/31/1917,Battle of Pilckem Ridge (Opening phase of the Third Battle of Ypres).
7/31/1917,The Third Battle of Ypres (aka Battle of Passchendaele) begins.
8/2/1917,Battle of Rumbo.
8/6/1917,Battle of Méüréüè?eè?ti.
8/8/1917,Second Battle of Oituz.
8/15/1917,Battle of Hill 70 (Initial phase of the Battle of Third Battle of Ypres).
8/16/1917,Second Battle of Langemarck (Initial phase of the Battle of Third Battle of Ypres).
8/18/1917,Eleventh Battle of the Isonzo.
8/20/1917,Second Offensive Battle of Verdun.
9/1/1917,"Operation Albion. German capture of Oesel, Dago and Moon Islands."
9/1/1917,Battle of Jugla.
9/8/1917,Russia: General Kornilov's coup attempt fails.
9/20/1917,Battle of the Menin Road Ridge (Intermediate phase of the Third Battle of Ypres).
9/26/1917,Battle of Polygon Wood (Intermediate phase of the Battle of the Third Battle of Ypres).
9/28/1917,"Battle of Ramadi, Mesopotamia."
10/4/1917,Battle of Broodseinde (part of the final phases of the Battle of the Third Battle of Ypres).
10/9/1917,Battle of Poelcappelle (part of the final phases of the Battle of the Third Battle of Ypres).
10/12/1917,First Battle of Passchendaele (part of the final phases of the Third Battle of Ypres).
10/15/1917,Battle of Mahiwa.
10/23/1917,"Battle of La Malmaison, delayed French attack on the Chemin des Dames."
10/23/1917,Battle of Wadi Musa.
10/24/1917,Battle of Caporetto. The Austro-Hungarians and Germans break through the Italian lines. The Italian army is defeated and falls back on the Piave River.
10/26/1917,Second Battle of Passchendaele (Closing phase of the Third Battle of Ypres).
10/27/1917,Battle of Buqqar Ridge.
10/30/1917,Italy: Vittorio Emanuele Orlando succeeds Paolo Boselli as Prime Minister.
10/31/1917,Third Battle of Gaza. The British break through the Ottoman lines.
10/31/1917,Battle of Beersheba (opening phase of the Third Battle of Gaza).
11/1/1917,Battle of Tel el Khuweilfe.
11/2/1917,Balfour Declaration: the British government supports plans for a Jewish 'national home' in Palestine.
11/5/1917,The Allies agree to establish a Supreme War Council at Versailles.
11/7/1917,Charge at Sheria.
11/7/1917,The October Revolution begins in Russia. The Bolsheviks seize power.
11/8/1917,Armando Diaz replaces Luigi Cadorna as Commander-in-Chief of the Italian Army.
11/8/1917,Charge at Huj.
11/9/1917,First Battle of the Piave: the Austro-Hungarians and Germans try unsuccessfully to cross the river.
11/10/1917,The Third Battle of Ypres (aka Battle of Passchendaele) ends in a stalemate.
11/11/1917,"First Battle of Monte Grappa, Austro-Hungarian offensive halted."
11/13/1917,Battle of Mughar Ridge.
11/13/1917,France: Paul Painlev?? is replaced by Georges Clemenceau as Prime Minister.
11/14/1917,Battle of Ayun Kara.
11/17/1917,Battle of Jerusalem. The British enter the city (December 11).
11/17/1917,"Second Battle of Heligoland Bight, North Sea."
11/18/1917,"Battle of Nebi Samwil, a phase of the Battle of Jerusalem."
11/20/1917,First Battle of Cambrai. A British attack fails and the battle results in a stalemate.
11/25/1917,"Battle of Ngomano, the Germans invade Portuguese East Africa to gain supplies."
12/1/1917,"Battle of El Burj, a phase of the Battle of Jerusalem."
12/7/1917,The United States declares war on Austria-Hungary.
12/16/1917,Russia signs a preliminary armistice with Germany.
12/20/1917,"Battle of Jaffa, a phase of the Battle of Jerusalem."
1/8/1918,Woodrow Wilson outlines his Fourteen Points.
2/1/1918,Allied forces occupy the Jordan Rift Valley.
2/9/1918,The Central Powers signed an exclusive protectorate treaty with the Ukrainian People's Republic as part of the negotiations that took place in Brest-Litovsk.
2/15/1918,Battle of Rarancza.
2/18/1918,"Operation Faustschlag, last offensive on Eastern Front."
2/19/1918,British begin their assault on Jericho.
2/21/1918,Germans capture Minsk.
2/21/1918,The British capture Jericho.
2/24/1918,Germans capture Zhytomyr.
2/25/1918,German troops capture Estonia.
2/28/1918,Germans capture Pskov and Narva.
3/2/1918,Germans capture Kiev.
3/3/1918,"At Brest-Litovsk, Leon Trotsky signs the peace treaty with Germany."
3/7/1918,German artillery bombard the Americans at Rouge Bouquet.
3/8/1918,Battle of Bakhmach.
3/8/1918,Battle of Tell 'Asur.
3/21/1918,"First phase of the Spring Offensive, Operation Michael (aka Second Battle of the Somme). The Germans obtain a Pyrrhic victory."
3/21/1918,First Transjordan attack on Amman.
3/21/1918,"The Battle of St. Quentin, first phase of Operation Micheal and of the Spring Offensive."
3/23/1918,Artillery bombardment of Paris.
3/24/1918,"First Battle of Bapaume, a phase of Operation Michael."
3/25/1918,"First Battle of Noyon, a phase of Operation Michael."
3/26/1918,"Battle of Rosieres, a phase of Operation Michael."
3/26/1918,Action of Khan Baghdadi.
3/26/1918,French Marshall Ferdinand Foch is appointed Supreme Commander of all Allied forces.
3/27/1918,"First Battle of Amman, a phase Of The First Transjordan Attack."
3/28/1918,"Third Battle of Arras (aka First Battle of Arras (1918)), a phase of Operation Michael."
3/30/1918,"First Battle of Villers-Bretonneux, a phase of Operation Micheal."
4/1/1918,Royal Air Force founded by combining the Royal Flying Corps and the Royal Naval Air Service.
4/4/1918,"Battle of the Avre, final phase of Operation Michael."
4/7/1918,"Second phase of the Spring Offensive, Operation Georgette (aka Battle of the Lys). The results are disappointing for the Germans."
4/7/1918,"Battle of Estaires, first phase of Operation Georgette."
4/10/1918,"Third Battle of Messines, a phase of Operation Georgette."
4/12/1918,"Battle of Hazebrouck, a phase of Operation Georgette."
4/13/1918,"Battle of Bailleul, a phase of Operation Georgette."
4/17/1918,"First Battle of Kemmelberg, a phase of Operation Georgette."
4/18/1918,"Battle of Bethune, a phase of Operation Georgette."
4/24/1918,"Second Battle of Villers-Bretonneux, a phase of Operation Georgette."
4/25/1918,"Second Battle of Kemmelberg, a phase of Operation Georgette."
4/29/1918,"Battle of Scherpenberg, final phase of Operation Georgette."
4/30/1918,Second Transjordan attack on Shunet Nimrin and Es Salt.
5/7/1918,Treaty of Bucharest between Romania and the Central Powers. It will never be ratified.
5/10/1918,Battle of Kaniow.
5/21/1918,"Battle of Abaran, a phase of the invasion of Armenia."
5/21/1918,"Battle of Sardarabad, a phase of the invasion of Armenia."
5/21/1918,Ottomans invade Armenia.
5/24/1918,"Battle of Karakilisa, a phase of the invasion of Armenia."
5/27/1918,"Third Battle of the Aisne (aka Operation Bl?¨cher-Yorck, third phase of the Spring Offensive). After initial gains, the German advance is halted."
5/28/1918,Battle of Cantigny.
5/29/1918,Battle of Skra-di-Legen
6/1/1918,"Battle of Belleau Wood, part of the German Spring Offensive."
6/8/1918,Germany interferes in the Caucuses.
6/8/1918,Action of Arsuf.
6/9/1918,"Fourth phase of the Spring Offensive, Operation Gneisenau (aka Battle of Matz). Despite substantial territorial gains, the Germans do not achieve their strategic goals"
6/13/1918,Second Battle of the Piave: the Austro-Hungarian offensive is repelled.
6/30/1918,Battle of Moreuil Wood.
7/4/1918,Battle of Hamel.
7/14/1918,Battle of Abu Tellul.
7/15/1918,"Second Battle of the Marne and last German offensive on the Western Front, which fails when the Germans are counterattacked by the French."
7/15/1918,"Champagne-Marne Offensive (consisting of the Fourth Battle of Champagne and the Battle of the Mountain of Reims), a phase of the Second Battle of the Marne. last phase of the Spring Offensive and last German offensive of World War I."
7/17/1918,The Tsar and his family were shot early in the morning by the Bolsheviks.
7/18/1918,"Battle of Soissons,a phase of the Second Battle of the Marne."
7/18/1918,"Battle of Chateau-Thierry, a phase of the Second Battle of the Marne."
7/19/1918,"Battle of Tardenois, a phase of the Second Battle of the Marne."
8/8/1918,"Hundred Days Offensive, last offensive on Western Front."
8/8/1918,"Battle of Amiens, first phase of the Hundred Days Offensive."
8/9/1918,Battle of Montdidier.
8/13/1918,Battle of San Matteo.
8/17/1918,"Second Battle of Noyon, a phase of the Hundred Days Offensive."
8/21/1918,"Second Battle of the Somme(aka Third battle of the Somme), a phase of the Hundred Days Offensive."
8/21/1918,"Second Battle of Bapaume, a phase of the Second Battle of the Somme."
8/21/1918,"Third Battle of Albert, opening phase of the Second Battle of the Somme."
8/26/1918,"Battle of Baku, last Turkish offensive of the war."
8/26/1918,"Fourth Battle of Arras (aka Second Battle of Arras (1918)), a phase of the Second Battle of the Somme"
8/26/1918,"Fourth Battle of the Scarpe (aka Battle of the Scarpe (1918)), a phase of the Fourth Battle of Arras."
8/31/1918,"Battle of Mont Saint-Quentin, a phase of the Second Battle of the Somme."
9/1/1918,"Battle of Peronne, a phase of the Battle of Mont Saint-Quentin."
9/2/1918,"Battle of Drocourt-Queant Line, final phase of the Second Battle of the Somme."
9/10/1918,"Battle of Savy-Dallon, a phase of the Hundred Days Offensive."
9/12/1918,"Battle of Saint-Mihiel, a phase of the Hundred Days Offensive."
9/12/1918,"Battle of Havrincourt, a phase of the Hundred Days Offensive."
9/14/1918,"Vardar Offensive, final offensive on the Balkan Front."
9/14/1918,"Battle of Vauxaillon, a phase of the Hundred Days Offensive."
9/15/1918,"The Allies (French and Serbs) break through the Bulgarian lines at Dobro Polje, a phase of the Vardar Offensive."
9/18/1918,"Battle of the Hindenburg Line, a phase of the Hundred Days Offensive. The Allies break through the German lines."
9/18/1918,"Third Battle of Doiran, a phase of the Vardar Offensive, The Bulgarians halt the British and Greek advance."
9/18/1918,"Battle of Epehy, a phase of the Hundred Days Offensive."
9/19/1918,Battle of Megiddo. The British conquer Palestine.
9/19/1918,"Battle of Nablus, a phase of the Battle of Meggido."
9/19/1918,"Battle of Sharon, a phase of the Battle of Megiddo."
9/19/1918,"Third Transjordan attack, a phase of the Battle of Nablus."
9/19/1918,"Battle of Tabsor, a phase of the Battle of Sharon."
9/19/1918,"Battle of Arara, a phase of the Battle of Sharon."
9/19/1918,"Battle of Tulkarm, a phase of the Battle of Sharon."
9/20/1918,"Battle of Nazareth, a phase of the Battle of Sharon."
9/20/1918,British capture both Afulah and Beisan during the Battle of Sharon.
9/20/1918,"Capture of Jenin, a phase of the Battle of Sharon."
9/22/1918,The British capture Jisr ed Damieh in the Battle of Sharon.
9/23/1918,"Battle of Haifa, a phase of the Battle of Sharon."
9/25/1918,"Battle of Samakh, a phase of the Battle of Sharon."
9/25/1918,"Second Battle of Amman, a phase of the Third Transjordan Attack."
9/25/1918,The British capture Tiberias during the Battle of Sharon.
9/26/1918,"Meuse-Argonne Offensive, the final phase of the Hundred Days Offensive and of World War I."
9/26/1918,The British enter Damascus.
9/26/1918,British capture Deraa during the Capture of Damascus.
9/26/1918,Battle of Somme-Py (Initial phase of the Meuse-Argonne Offensive).
9/26/1918,"Charge at Irbid, a phase of the Capture of Damascus."
9/27/1918,"Battle of the Canal du Nord, a phase of the Battle of the Hindenburg Line."
9/27/1918,"Battle of Jisr Benat Yakub, a phase of the Capture of Damascus."
9/28/1918,"Fifth Battle of Ypres (aka Advance on Flanders), a phase of the Battle of the Hindenburg Line."
9/29/1918,"Battle of St. Quentin Canal, a phase of the Hundred Days Offensive."
9/30/1918,Battle of Saint-Thierry (Initial phase of the Meuse-Argonne Offensive).
9/30/1918,Bulgaria signs an armistice with the Allies.
9/30/1918,"Charge at Kaukab, a phase of the Capture of Damascus."
9/30/1918,"Charge at Kiswe, a phase of the Capture of Damascus."
10/3/1918,Battle of Blanc Mont Ridge.
10/3/1918,Pursuit to Haritan.
10/8/1918,"Second Battle of Cambrai (aka Battle of Cambrai (1918)), a phase of the Battle of the Hindenburg Line."
10/14/1918,"Battle of Courtrai, closing phase of the Hundred Days offensive."
10/14/1918,Battle of Montfaucon (intermediate phase of the Meuse-Argonne Offensive).
10/15/1918,"Battle of Mont-D'Origny, a phase of the Hundred Days Offensive."
10/17/1918,"Battle of the Selle, closing phase of the Hundred Days Offensive."
10/20/1918,"Battle of Lys and Escaut (Which included the Second Battle of Lys and the Battle of the Escaut), a phase of the Hundred Days Offensive."
10/20/1918,"Battle of Serre, a phase of the Hundred Days Offensive."
10/20/1918,Germany suspends submarine warfare.
10/23/1918,Battle of Sharqat.
10/24/1918,Battle of Vittorio Veneto. The Austro-Hungarian army is routed. The Italians enter Trent and land at Triest.
10/24/1918,"SecondBattle of Monte Grappa, beginning phase of Vittorio Veneto."
10/25/1918,Battle of Aleppo.
10/29/1918,Germany's Hochseeflotte mutinies.
10/29/1918,"State of Slovenes, Croats and Serbs proclaimed."
10/29/1918,Wilhelm Groener replaces Erich Ludendorff as Hindenburg's deputy.
10/30/1918,The Ottoman Empire signs the Armistice of Mudros.
11/1/1918,"Battle of Valenciennes, closing phase of the Hundred Days Offensive."
11/1/1918,Battle of Chesne (Closing phase of the Meuse-Argonne Offensive).
11/3/1918,"Austria-Hungary signs the armistice with Italy, effective November 4."
11/4/1918,"Battle of the Sambre, closing phase of the Hundred Days Offensive."
11/4/1918,"Battle of Thierache, a phase of the Battle of Sambre."
11/4/1918,"Second Battle of Guise, a phase of the Battle of Sambre."
11/6/1918,Advance to the Meuse.
11/9/1918,Germany: Kaiser William II abdicates; republic proclaimed.
11/10/1918,Austria-Hungary: Kaiser Charles I abdicates.
11/11/1918,"At 6 am, Germany signs the Armistice of Compi??gne. End of fighting at 11 a.m.."
11/11/1918,Poland proclaimed.
11/12/1918,Austria proclaimed a republic.
11/14/1918,"3 days after the armistice, fighting ends in the East African theater when General von Lettow-Vorbeck agrees a cease-fire on hearing of Germany's surrender."
11/14/1918,German U-boats interned.
11/14/1918,Czechoslovakia proclaimed a republic.
11/21/1918,Germany's Hochseeflotte surrendered to the United Kingdom.
11/22/1918,The Germans evacuate Luxembourg.
11/25/1918,"11 days after agreeing a cease-fire, General von Lettow-Vorbeck formally surrenders his undefeated army at Abercorn in present-day Zambia."
11/27/1918,The Germans evacuate Belgium.
12/1/1918,"Kingdom of Serbs, Croats and Slovenes proclaimed."
1/10/1919,Fakhri Pasha surrenders at Medina.
1/18/1919,Treaty of Versailles between the Allies and Germany: the Peace Conference opens in Paris.
1/25/1919,Proposal to create the League of Nations accepted.
6/21/1919,"German High Seas Fleet (53 ships) scuttled in Scapa Flow with nine deaths, the last casualties of the war."
6/28/1919,Treaty of Versailles signed.
7/8/1919,Germany ratifies the Treaty of Versailles.
7/21/1919,The United Kingdom ratifies the Treaty of Versailles.
11/10/1919,A Banquet in Honour of The President of the French Republic was hosted by King George V and held at Buckingham Palace during the evening hours of November 10. The very first Armistice Day was held on the Grounds of Buckingham Palace on the Morning of November 11. This would set the trend for a day of Remembrance or Remembrance Day for decades to come.
1/10/1920,First meeting of the League of Nations held in London. Official end of World War I.
1/10/1920,Free City of Danzig established.
1/21/1920,The Paris Peace Conference ends.
2/10/1920,A plebiscite returns Northern Schleswig to Denmark.
4/19/1920,"Conference of Sanremo, Italy, about League of Nations mandates in former Ottoman territories of the Middle East."
6/4/1920,Treaty of Trianon between the Allies and Hungary.
8/10/1920,"Treaty of S??vres between the Allies and the Ottoman Empire. The treaty is not recognized by the Turkish national movement, which considers the Istanbul government illegitimate."
9/8/1920,Gabriele D'Annunzio proclaims in Fiume the Italian Regency of Carnaro.
11/1/1920,"League of Nations headquarters moved to Geneva, Switzerland."
11/12/1920,Treaty of Rapallo between Italy and Yugoslavia. Zadar is annexed by Italy and the Free State of Fiume is established.
11/15/1920,The League of Nations holds its first general assembly.
